[{
  "id": "1",
  "path": "exhibitions",
  "filename": "Web-Krefter-installasjonsbilde-rørskulpturer.jpg",
  "title": "KREFTER – Dyrdal Kvasbø Tingleff",
  "dates": "12. oktober 2019 - 26. januar 2020",
  "abstract": "I utstillingen KREFTER presenteres kunstnerne Kari Dyrdal, Torbjørn Kvasbø og Marit Tingleff for første gang samlet. Alle tre har markert seg sterkt i inn- og utland gjennom flere tiår. "
},
{
  "id": "2",
  "path": "exhibitions",
  "filename": "056_Deux-personnages-au-bord-de-la-mer_Elina-Brotherus_2005-1920x1515.jpg",
  "title": "Before the Horizon. AKO Curatorial Award",
  "dates": "7. desember 2019 - 1. mars 2020",
  "abstract": "Har du noen gang tenkt på horisonten som noe mer enn et naturelement? I denne utstillingen viser vinneren av AKO Curatorial Award, Laura House, hvordan horisonten både utvider og begrenser våre perspektiver på det å være menneske."
},
{
  "id": "3",
  "path": "exhibitions",
  "filename": "French-loafs-2017-1920x1281.jpg",
  "title": "Iiu Susiraja. Dry Joy",
  "dates": "13. februar 2020 - 07. juni 2020",
  "abstract": "Iiu Susirajas provokative selv-portretter bryter alle regler. Hun leker med mat, bruker hverdagsobjekter på merkelige måter og stiller spørsmål ved restriktive skjønnhetsidealer. I hennes billedverden skildres kvinnelighet og menneskelige forhold med varme, humor og brutal ærlighet."
}]
