[
  {
    "id": "1",
    "filename": "IMG_5046.jpg",
    "artifact.ingress.producer": "Torbjørn Kvasbø",
    "producer.birth.year": "1953",
    "artifact.ingress.title": "Stor stakk",
    "artifact.type": "Leirgods, engelsk terracotta, med hvit begitning, transparent glasur, elektrisk ovn",
    "artifact.ingress.production.yoYear": "2013",
    "exhibition.title": "KREFTER - Dyrdal Kvasbø Tingleff",
    "exhibition.dates": "12. oktober 2019 - 26. januar 2020",
    "exhibition.abstract": "I utstillingen KREFTER presenteres kunstnerne Kari Dyrdal, Torbjørn Kvasbø og Marit Tingleff for første gang samlet. Alle tre har markert seg sterkt i inn- og utland gjennom flere tiår. ",
    "exhibition.illustration": "Web-Krefter-installasjonsbilde-rørskulpturer.jpg",
    "path": "exhibition1"
  },
  {
    "id": "2",
    "filename": "IMG_5076.jpg",
    "artifact.ingress.producer": "Kari Dyrdal",
    "producer.birth.year": "1952",
    "artifact.ingress.title": "Vegg Sévres I",
    "artifact.type": "Digital vev, blandet fiber ",
    "artifact.ingress.production.yoYear": "2018",
    "exhibition.title": "KREFTER - Dyrdal Kvasbø Tingleff",
    "exhibition.dates": "12. oktober 2019 - 26. januar 2020",
    "exhibition.abstract": "I utstillingen KREFTER presenteres kunstnerne Kari Dyrdal, Torbjørn Kvasbø og Marit Tingleff for første gang samlet. Alle tre har markert seg sterkt i inn- og utland gjennom flere tiår. ",
    "exhibition.illustration": "Web-Krefter-installasjonsbilde-rørskulpturer.jpg",
    "path": "exhibition1"
  },
  {
    "id": "3",
    "filename": "IMG_5051.jpg",
    "artifact.ingress.producer": "Torbjørn Kvasbø",
    "producer.birth.year": "1953",
    "artifact.ingress.title": "Rørskulptur, turkis",
    "artifact.type": "Leirgods, blybisilikat-basert glasur med kopperoksyd, vedfyrt",
    "artifact.ingress.production.yoYear": "2012",
    "exhibition.title": "KREFTER - Dyrdal Kvasbø Tingleff",
    "exhibition.dates": "12. oktober 2019 - 26. januar 2020",
    "exhibition.abstract": "I utstillingen KREFTER presenteres kunstnerne Kari Dyrdal, Torbjørn Kvasbø og Marit Tingleff for første gang samlet. Alle tre har markert seg sterkt i inn- og utland gjennom flere tiår. ",
    "exhibition.illustration": "Web-Krefter-installasjonsbilde-rørskulpturer.jpg",
    "path": "exhibition1"
  },
  {
    "id": "4",
    "filename": "IMG_5057.jpg",
    "artifact.ingress.producer": "Torbjørn Kvasbø",
    "producer.birth.year": "1953",
    "artifact.ingress.title": "Rørskulptur, grønn",
    "artifact.type": "Leirgods, blybisilikat-basert glasur med kopperoksyd, vedfyrt",
    "artifact.ingress.production.yoYear": "2012",
    "exhibition.title": "KREFTER - Dyrdal Kvasbø Tingleff",
    "exhibition.dates": "12. oktober 2019 - 26. januar 2020",
    "exhibition.abstract": "I utstillingen KREFTER presenteres kunstnerne Kari Dyrdal, Torbjørn Kvasbø og Marit Tingleff for første gang samlet. Alle tre har markert seg sterkt i inn- og utland gjennom flere tiår. ",
    "exhibition.illustration": "Web-Krefter-installasjonsbilde-rørskulpturer.jpg",
    "path": "exhibition1"
  },
  {
    "id": "5",
    "filename": "IMG_5064.jpg",
    "artifact.ingress.producer": "Torbjørn Kvasbø",
    "producer.birth.year": "1953",
    "artifact.ingress.title": "Rørformer",
    "artifact.type": "Svart steingodsleire, uglasert, reduksjonsbrent i gassovn",
    "artifact.ingress.production.yoYear": "2011",
    "exhibition.title": "KREFTER - Dyrdal Kvasbø Tingleff",
    "exhibition.dates": "12. oktober 2019 - 26. januar 2020",
    "exhibition.abstract": "I utstillingen KREFTER presenteres kunstnerne Kari Dyrdal, Torbjørn Kvasbø og Marit Tingleff for første gang samlet. Alle tre har markert seg sterkt i inn- og utland gjennom flere tiår. ",
    "exhibition.illustration": "Web-Krefter-installasjonsbilde-rørskulpturer.jpg",
    "path": "exhibition1"
  },
  {
    "id": "6",
    "filename": "IMG_5159.jpg",
    "artifact.ingress.producer": "Marit Tingleff",
    "producer.birth.year": "1954",
    "artifact.ingress.title": "Med ögon känsliga för grönt",
    "artifact.type": "Blåleire med begitning, transparent glasur ",
    "artifact.ingress.production.yoYear": "2014",
    "exhibition.title": "KREFTER - Dyrdal Kvasbø Tingleff",
    "exhibition.dates": "12. oktober 2019 - 26. januar 2020",
    "exhibition.abstract": "I utstillingen KREFTER presenteres kunstnerne Kari Dyrdal, Torbjørn Kvasbø og Marit Tingleff for første gang samlet. Alle tre har markert seg sterkt i inn- og utland gjennom flere tiår. ",
    "exhibition.illustration": "Web-Krefter-installasjonsbilde-rørskulpturer.jpg",
    "path": "exhibition1"
  },
  {
    "id": "7",
    "filename": "IMG_5166.jpg",
    "artifact.ingress.producer": "Kari Dyrdal",
    "producer.birth.year": "1952",
    "artifact.ingress.title": "Vegg S�vres II",
    "artifact.type": "Digital vev, blandet fiber ",
    "artifact.ingress.production.yoYear": "2018",
    "exhibition.title": "KREFTER - Dyrdal Kvasbø Tingleff",
    "exhibition.dates": "12. oktober 2019 - 26. januar 2020",
    "exhibition.abstract": "I utstillingen KREFTER presenteres kunstnerne Kari Dyrdal, Torbjørn Kvasbø og Marit Tingleff for første gang samlet. Alle tre har markert seg sterkt i inn- og utland gjennom flere tiår. ",
    "exhibition.illustration": "Web-Krefter-installasjonsbilde-rørskulpturer.jpg",
    "path": "exhibition1"
  },
  {
    "id": "8",
    "filename": "IMG_5170.jpg",
    "artifact.ingress.producer": "Torbjørn Kvasbø",
    "producer.birth.year": "1953",
    "artifact.ingress.title": "Stakk, gul",
    "artifact.type": "Leirgods, hvit betigning, blybasert glasur, elektrisk ovn",
    "artifact.ingress.production.yoYear": "2014",
    "exhibition.title": "KREFTER - Dyrdal Kvasbø Tingleff",
    "exhibition.dates": "12. oktober 2019 - 26. januar 2020",
    "exhibition.abstract": "I utstillingen KREFTER presenteres kunstnerne Kari Dyrdal, Torbjørn Kvasbø og Marit Tingleff for første gang samlet. Alle tre har markert seg sterkt i inn- og utland gjennom flere tiår. ",
    "exhibition.illustration": "Web-Krefter-installasjonsbilde-rørskulpturer.jpg",
    "path": "exhibition1"
  },
  {
    "id": "9",
    "filename": "IMG_5182.jpg",
    "artifact.ingress.producer": "Torbjørn Kvasbø",
    "producer.birth.year": "1953",
    "artifact.ingress.title": "Rørskulptur, natur",
    "artifact.type": "Svart steingodsleire, uglasert, reduksjonsbrent i gassovn",
    "artifact.ingress.production.yoYear": "2011",
    "exhibition.title": "KREFTER - Dyrdal Kvasbø Tingleff",
    "exhibition.dates": "12. oktober 2019 - 26. januar 2020",
    "exhibition.abstract": "I utstillingen KREFTER presenteres kunstnerne Kari Dyrdal, Torbjørn Kvasbø og Marit Tingleff for første gang samlet. Alle tre har markert seg sterkt i inn- og utland gjennom flere tiår. ",
    "exhibition.illustration": "Web-Krefter-installasjonsbilde-rørskulpturer.jpg",
    "path": "exhibition1"
  },
  {
    "id": "10",
    "filename": "IMG_5189.jpg",
    "artifact.ingress.producer": "Marit Tingleff",
    "producer.birth.year": "1954",
    "artifact.ingress.title": "Veggobjekt med romlig ornament",
    "artifact.type": "Bl�leire med begitning, transparent glasur ",
    "artifact.ingress.production.yoYear": "2005",
    "exhibition.title": "KREFTER - Dyrdal Kvasbø Tingleff",
    "exhibition.dates": "12. oktober 2019 - 26. januar 2020",
    "exhibition.abstract": "I utstillingen KREFTER presenteres kunstnerne Kari Dyrdal, Torbjørn Kvasbø og Marit Tingleff for første gang samlet. Alle tre har markert seg sterkt i inn- og utland gjennom flere tiår. ",
    "exhibition.illustration": "Web-Krefter-installasjonsbilde-rørskulpturer.jpg",
    "path": "exhibition1"
  },
  {
    "id": "11",
    "filename": "IMG_5201.jpg",
    "artifact.ingress.producer": "Torbjørn Kvasbø",
    "producer.birth.year": "1953",
    "artifact.ingress.title": "Rørskulptur",
    "artifact.type": "Hvit terracota og svart leire, elektrisk ovn",
    "artifact.ingress.production.yoYear": "2017",
    "exhibition.title": "KREFTER - Dyrdal Kvasbø Tingleff",
    "exhibition.dates": "12. oktober 2019 - 26. januar 2020",
    "exhibition.abstract": "I utstillingen KREFTER presenteres kunstnerne Kari Dyrdal, Torbjørn Kvasbø og Marit Tingleff for første gang samlet. Alle tre har markert seg sterkt i inn- og utland gjennom flere tiår. ",
    "exhibition.illustration": "Web-Krefter-installasjonsbilde-rørskulpturer.jpg",
    "path": "exhibition1"
  },
  {
    "id": "12",
    "filename": "IMG_5208.jpg",
    "artifact.ingress.producer": "Kari Dyrdal",
    "producer.birth.year": "1952",
    "artifact.ingress.title": "Vegg Sévres III",
    "artifact.type": "Digital vev, blandet fiber ",
    "artifact.ingress.production.yoYear": "2018",
    "exhibition.title": "KREFTER - Dyrdal Kvasbø Tingleff",
    "exhibition.dates": "12. oktober 2019 - 26. januar 2020",
    "exhibition.abstract": "I utstillingen KREFTER presenteres kunstnerne Kari Dyrdal, Torbjørn Kvasbø og Marit Tingleff for første gang samlet. Alle tre har markert seg sterkt i inn- og utland gjennom flere tiår. ",
    "exhibition.illustration": "Web-Krefter-installasjonsbilde-rørskulpturer.jpg",
    "path": "exhibition1"
  },
  {
    "id": "13",
    "filename": "IMG_5210.jpg",
    "artifact.ingress.producer": "Marit Tingleff",
    "producer.birth.year": "1954",
    "artifact.ingress.title": "Med ögon känsliga för blått",
    "artifact.type": "Blåleire med begitning, transparent glasur",
    "artifact.ingress.production.yoYear": "2014",
    "exhibition.title": "KREFTER - Dyrdal Kvasbø Tingleff",
    "exhibition.dates": "12. oktober 2019 - 26. januar 2020",
    "exhibition.abstract": "I utstillingen KREFTER presenteres kunstnerne Kari Dyrdal, Torbjørn Kvasbø og Marit Tingleff for første gang samlet. Alle tre har markert seg sterkt i inn- og utland gjennom flere tiår. ",
    "exhibition.illustration": "Web-Krefter-installasjonsbilde-rørskulpturer.jpg",
    "path": "exhibition1"
  }
]
